run,condition,repeat,case,stratum,outcome,judge_score
bottom_k2_r1,bottom_k2,1,A | retouren - terugsturen kosten,A,grounded,
bottom_k2_r1,bottom_k2,1,A | retouren - wanneer geld terug,A,grounded,
bottom_k2_r1,bottom_k2,1,A | verzending - gratis verzending drempel,A,grounded,
bottom_k2_r1,bottom_k2,1,A | verzending - niet thuis bij bezorging,A,grounded,
bottom_k2_r1,bottom_k2,1,A | bestellen - account verplicht,A,grounded,
bottom_k2_r1,bottom_k2,1,A | producten - maat uitverkocht,A,grounded,
bottom_k2_r1,bottom_k2,1,A | betalen - achteraf betalen,A,grounded,
bottom_k2_r1,bottom_k2,1,A | betalen - Klarna (negative answer),A,grounded,
bottom_k2_r1,bottom_k2,1,A | kortingscode - studentenkorting,A,grounded,
bottom_k2_r1,bottom_k2,1,A | cadeaukaart - cadeaubon online gebruiken,A,grounded,
bottom_k2_r1,bottom_k2,1,A | maatadvies - welke jeans past bij figuur,A,grounded,
bottom_k2_r1,bottom_k2,1,A | maatadvies - afspraak om te passen,A,grounded,
bottom_k2_r1,bottom_k2,1,A | producten - milieuvriendelijk,A,grounded,
bottom_k2_r1,bottom_k2,1,A | fysieke winkel - openingstijd donderdag,A,grounded,
bottom_k2_r1,bottom_k2,1,A | fysieke winkel - vestiging Amsterdam (negative answer),A,grounded,
bottom_k2_r1,bottom_k2,1,A | garantie - broek stuk na 3 maanden,A,grounded,
bottom_k2_r1,bottom_k2,1,A | loyaliteitspunten - waarde gespaarde punten,A,grounded,
bottom_k2_r1,bottom_k2,1,A | loyaliteitspunten - punten inzien,A,grounded,
bottom_k2_r1,bottom_k2,1,A | bedrijfsgegevens - leeftijd van de zaak,A,grounded,
bottom_k2_r1,bottom_k2,1,N | maatadvies - valt groot of klein,N,abstained,
bottom_k2_r1,bottom_k2,1,N | producten - schoenen,N,abstained,
bottom_k2_r1,bottom_k2,1,N | fysieke winkel - parkeren,N,abstained,
bottom_k2_r1,bottom_k2,1,N | fysieke winkel - rolstoeltoegankelijk,N,abstained,
bottom_k2_r1,bottom_k2,1,N | bestellen - bestelling wijzigen na betaling,N,abstained,
bottom_k2_r1,bottom_k2,1,N | kortingscode - geldigheidsduur,N,abstained,
bottom_k2_r1,bottom_k2,1,N | betalen - minimumbedrag Billink,N,abstained,
bottom_k2_r1,bottom_k2,1,N | bestellen - cadeauverpakking,N,abstained,
bottom_k2_r1,bottom_k2,1,N | loyaliteitspunten - vervallen spaarpunten,N,abstained,
bottom_k2_r1,bottom_k2,1,N | kortingscode - seniorenkorting,N,abstained,
bottom_k2_r1,bottom_k2,1,O | weer,O,abstained,
bottom_k2_r1,bottom_k2,1,O | recept,O,abstained,
bottom_k2_r1,bottom_k2,1,O | hoofdstad,O,abstained,
bottom_k2_r1,bottom_k2,1,O | trein,O,abstained,
bottom_k2_r1,bottom_k2,1,O | belastingaangifte,O,abstained,
bottom_k2_r1,bottom_k2,1,O | concurrent prijs,O,abstained,
bottom_k2_r1,bottom_k2,1,A | retouren - online aankoop in winkel terugbrengen,A,ungrounded,0.5
bottom_k2_r1,bottom_k2,1,A | verzending - bezorging Belgie,A,ungrounded,0.5
bottom_k2_r1,bottom_k2,1,A | verzending - levertijd,A,ungrounded,0.5
bottom_k2_r1,bottom_k2,1,A | betalen - PayPal toeslag,A,ungrounded,0.5
bottom_k2_r1,bottom_k2,1,A | cadeaukaart - VVV-bon online (negative answer),A,ungrounded,0.75
bottom_k2_r1,bottom_k2,1,A | fysieke winkel - zondag open,A,ungrounded,0.75
bottom_k2_r1,bottom_k2,1,A | garantie - Nudie jeans elders gekocht repareren,A,ungrounded,0.67
bottom_k2_r1,bottom_k2,1,A | bedrijfsgegevens - telefoonnummer,A,ungrounded,0.67
bottom_k2_r1,bottom_k2,1,N | producten - kinderkleding,N,answered,
bottom_k2_r1,bottom_k2,1,N | verzending - bezorgen bij pakketpunt,N,answered,
bottom_k2_r1,bottom_k2,1,N | verzending - zondagbezorging,N,answered,
bottom_k2_r1,bottom_k2,1,O | wasmachines,O,answered,
bottom_k2_r1,bottom_k2,1,O | laptops,O,answered,
bottom_k2_r2,bottom_k2,2,A | retouren - terugsturen kosten,A,grounded,
bottom_k2_r2,bottom_k2,2,A | retouren - online aankoop in winkel terugbrengen,A,grounded,
bottom_k2_r2,bottom_k2,2,A | retouren - wanneer geld terug,A,grounded,
bottom_k2_r2,bottom_k2,2,A | verzending - gratis verzending drempel,A,grounded,
bottom_k2_r2,bottom_k2,2,A | verzending - niet thuis bij bezorging,A,grounded,
bottom_k2_r2,bottom_k2,2,A | bestellen - account verplicht,A,grounded,
bottom_k2_r2,bottom_k2,2,A | producten - maat uitverkocht,A,grounded,
bottom_k2_r2,bottom_k2,2,A | betalen - achteraf betalen,A,grounded,
bottom_k2_r2,bottom_k2,2,A | betalen - PayPal toeslag,A,grounded,
bottom_k2_r2,bottom_k2,2,A | betalen - Klarna (negative answer),A,grounded,
bottom_k2_r2,bottom_k2,2,A | kortingscode - studentenkorting,A,grounded,
bottom_k2_r2,bottom_k2,2,A | cadeaukaart - cadeaubon online gebruiken,A,grounded,
bottom_k2_r2,bottom_k2,2,A | maatadvies - welke jeans past bij figuur,A,grounded,
bottom_k2_r2,bottom_k2,2,A | maatadvies - afspraak om te passen,A,grounded,
bottom_k2_r2,bottom_k2,2,A | producten - milieuvriendelijk,A,grounded,
bottom_k2_r2,bottom_k2,2,A | fysieke winkel - openingstijd donderdag,A,grounded,
bottom_k2_r2,bottom_k2,2,A | fysieke winkel - vestiging Amsterdam (negative answer),A,grounded,
bottom_k2_r2,bottom_k2,2,A | garantie - broek stuk na 3 maanden,A,grounded,
bottom_k2_r2,bottom_k2,2,A | loyaliteitspunten - waarde gespaarde punten,A,grounded,
bottom_k2_r2,bottom_k2,2,A | loyaliteitspunten - punten inzien,A,grounded,
bottom_k2_r2,bottom_k2,2,A | bedrijfsgegevens - leeftijd van de zaak,A,grounded,
bottom_k2_r2,bottom_k2,2,N | maatadvies - valt groot of klein,N,abstained,
bottom_k2_r2,bottom_k2,2,N | producten - schoenen,N,abstained,
bottom_k2_r2,bottom_k2,2,N | fysieke winkel - parkeren,N,abstained,
bottom_k2_r2,bottom_k2,2,N | fysieke winkel - rolstoeltoegankelijk,N,abstained,
bottom_k2_r2,bottom_k2,2,N | bestellen - bestelling wijzigen na betaling,N,abstained,
bottom_k2_r2,bottom_k2,2,N | kortingscode - geldigheidsduur,N,abstained,
bottom_k2_r2,bottom_k2,2,N | betalen - minimumbedrag Billink,N,abstained,
bottom_k2_r2,bottom_k2,2,N | bestellen - cadeauverpakking,N,abstained,
bottom_k2_r2,bottom_k2,2,N | loyaliteitspunten - vervallen spaarpunten,N,abstained,
bottom_k2_r2,bottom_k2,2,N | kortingscode - seniorenkorting,N,abstained,
bottom_k2_r2,bottom_k2,2,O | weer,O,abstained,
bottom_k2_r2,bottom_k2,2,O | recept,O,abstained,
bottom_k2_r2,bottom_k2,2,O | hoofdstad,O,abstained,
bottom_k2_r2,bottom_k2,2,O | trein,O,abstained,
bottom_k2_r2,bottom_k2,2,O | belastingaangifte,O,abstained,
bottom_k2_r2,bottom_k2,2,O | concurrent prijs,O,abstained,
bottom_k2_r2,bottom_k2,2,A | verzending - bezorging Belgie,A,ungrounded,0.5
bottom_k2_r2,bottom_k2,2,A | verzending - levertijd,A,ungrounded,0.5
bottom_k2_r2,bottom_k2,2,A | cadeaukaart - VVV-bon online (negative answer),A,ungrounded,0.75
bottom_k2_r2,bottom_k2,2,A | fysieke winkel - zondag open,A,ungrounded,0.75
bottom_k2_r2,bottom_k2,2,A | garantie - Nudie jeans elders gekocht repareren,A,ungrounded,0.67
bottom_k2_r2,bottom_k2,2,A | bedrijfsgegevens - telefoonnummer,A,ungrounded,0.67
bottom_k2_r2,bottom_k2,2,N | producten - kinderkleding,N,answered,
bottom_k2_r2,bottom_k2,2,N | verzending - bezorgen bij pakketpunt,N,answered,
bottom_k2_r2,bottom_k2,2,N | verzending - zondagbezorging,N,answered,
bottom_k2_r2,bottom_k2,2,O | wasmachines,O,answered,
bottom_k2_r2,bottom_k2,2,O | laptops,O,answered,
bottom_k2_r3,bottom_k2,3,A | retouren - terugsturen kosten,A,grounded,
bottom_k2_r3,bottom_k2,3,A | retouren - online aankoop in winkel terugbrengen,A,grounded,
bottom_k2_r3,bottom_k2,3,A | retouren - wanneer geld terug,A,grounded,
bottom_k2_r3,bottom_k2,3,A | verzending - gratis verzending drempel,A,grounded,
bottom_k2_r3,bottom_k2,3,A | verzending - niet thuis bij bezorging,A,grounded,
bottom_k2_r3,bottom_k2,3,A | bestellen - account verplicht,A,grounded,
bottom_k2_r3,bottom_k2,3,A | producten - maat uitverkocht,A,grounded,
bottom_k2_r3,bottom_k2,3,A | betalen - achteraf betalen,A,grounded,
bottom_k2_r3,bottom_k2,3,A | betalen - PayPal toeslag,A,grounded,
bottom_k2_r3,bottom_k2,3,A | betalen - Klarna (negative answer),A,grounded,
bottom_k2_r3,bottom_k2,3,A | kortingscode - studentenkorting,A,grounded,
bottom_k2_r3,bottom_k2,3,A | cadeaukaart - cadeaubon online gebruiken,A,grounded,
bottom_k2_r3,bottom_k2,3,A | cadeaukaart - VVV-bon online (negative answer),A,grounded,
bottom_k2_r3,bottom_k2,3,A | maatadvies - welke jeans past bij figuur,A,grounded,
bottom_k2_r3,bottom_k2,3,A | maatadvies - afspraak om te passen,A,grounded,
bottom_k2_r3,bottom_k2,3,A | producten - milieuvriendelijk,A,grounded,
bottom_k2_r3,bottom_k2,3,A | fysieke winkel - openingstijd donderdag,A,grounded,
bottom_k2_r3,bottom_k2,3,A | fysieke winkel - vestiging Amsterdam (negative answer),A,grounded,
bottom_k2_r3,bottom_k2,3,A | garantie - broek stuk na 3 maanden,A,grounded,
bottom_k2_r3,bottom_k2,3,A | garantie - Nudie jeans elders gekocht repareren,A,grounded,
bottom_k2_r3,bottom_k2,3,A | loyaliteitspunten - waarde gespaarde punten,A,grounded,
bottom_k2_r3,bottom_k2,3,A | loyaliteitspunten - punten inzien,A,grounded,
bottom_k2_r3,bottom_k2,3,A | bedrijfsgegevens - leeftijd van de zaak,A,grounded,
bottom_k2_r3,bottom_k2,3,N | maatadvies - valt groot of klein,N,abstained,
bottom_k2_r3,bottom_k2,3,N | producten - schoenen,N,abstained,
bottom_k2_r3,bottom_k2,3,N | fysieke winkel - parkeren,N,abstained,
bottom_k2_r3,bottom_k2,3,N | fysieke winkel - rolstoeltoegankelijk,N,abstained,
bottom_k2_r3,bottom_k2,3,N | bestellen - bestelling wijzigen na betaling,N,abstained,
bottom_k2_r3,bottom_k2,3,N | kortingscode - geldigheidsduur,N,abstained,
bottom_k2_r3,bottom_k2,3,N | betalen - minimumbedrag Billink,N,abstained,
bottom_k2_r3,bottom_k2,3,N | bestellen - cadeauverpakking,N,abstained,
bottom_k2_r3,bottom_k2,3,N | loyaliteitspunten - vervallen spaarpunten,N,abstained,
bottom_k2_r3,bottom_k2,3,N | kortingscode - seniorenkorting,N,abstained,
bottom_k2_r3,bottom_k2,3,O | weer,O,abstained,
bottom_k2_r3,bottom_k2,3,O | recept,O,abstained,
bottom_k2_r3,bottom_k2,3,O | hoofdstad,O,abstained,
bottom_k2_r3,bottom_k2,3,O | trein,O,abstained,
bottom_k2_r3,bottom_k2,3,O | belastingaangifte,O,abstained,
bottom_k2_r3,bottom_k2,3,O | concurrent prijs,O,abstained,
bottom_k2_r3,bottom_k2,3,A | verzending - bezorging Belgie,A,ungrounded,0.5
bottom_k2_r3,bottom_k2,3,A | verzending - levertijd,A,ungrounded,0.5
bottom_k2_r3,bottom_k2,3,A | fysieke winkel - zondag open,A,ungrounded,0.38
bottom_k2_r3,bottom_k2,3,A | bedrijfsgegevens - telefoonnummer,A,ungrounded,0.67
bottom_k2_r3,bottom_k2,3,N | producten - kinderkleding,N,answered,
bottom_k2_r3,bottom_k2,3,N | verzending - bezorgen bij pakketpunt,N,answered,
bottom_k2_r3,bottom_k2,3,N | verzending - zondagbezorging,N,answered,
bottom_k2_r3,bottom_k2,3,O | wasmachines,O,answered,
bottom_k2_r3,bottom_k2,3,O | laptops,O,answered,
bottom_k2_r4,bottom_k2,4,A | retouren - terugsturen kosten,A,grounded,
bottom_k2_r4,bottom_k2,4,A | retouren - online aankoop in winkel terugbrengen,A,grounded,
bottom_k2_r4,bottom_k2,4,A | retouren - wanneer geld terug,A,grounded,
bottom_k2_r4,bottom_k2,4,A | verzending - niet thuis bij bezorging,A,grounded,
bottom_k2_r4,bottom_k2,4,A | bestellen - account verplicht,A,grounded,
bottom_k2_r4,bottom_k2,4,A | producten - maat uitverkocht,A,grounded,
bottom_k2_r4,bottom_k2,4,A | betalen - achteraf betalen,A,grounded,
bottom_k2_r4,bottom_k2,4,A | betalen - PayPal toeslag,A,grounded,
bottom_k2_r4,bottom_k2,4,A | betalen - Klarna (negative answer),A,grounded,
bottom_k2_r4,bottom_k2,4,A | kortingscode - studentenkorting,A,grounded,
bottom_k2_r4,bottom_k2,4,A | cadeaukaart - cadeaubon online gebruiken,A,grounded,
bottom_k2_r4,bottom_k2,4,A | cadeaukaart - VVV-bon online (negative answer),A,grounded,
bottom_k2_r4,bottom_k2,4,A | maatadvies - welke jeans past bij figuur,A,grounded,
bottom_k2_r4,bottom_k2,4,A | maatadvies - afspraak om te passen,A,grounded,
bottom_k2_r4,bottom_k2,4,A | producten - milieuvriendelijk,A,grounded,
bottom_k2_r4,bottom_k2,4,A | fysieke winkel - openingstijd donderdag,A,grounded,
bottom_k2_r4,bottom_k2,4,A | fysieke winkel - vestiging Amsterdam (negative answer),A,grounded,
bottom_k2_r4,bottom_k2,4,A | garantie - broek stuk na 3 maanden,A,grounded,
bottom_k2_r4,bottom_k2,4,A | loyaliteitspunten - waarde gespaarde punten,A,grounded,
bottom_k2_r4,bottom_k2,4,A | loyaliteitspunten - punten inzien,A,grounded,
bottom_k2_r4,bottom_k2,4,A | bedrijfsgegevens - leeftijd van de zaak,A,grounded,
bottom_k2_r4,bottom_k2,4,N | maatadvies - valt groot of klein,N,abstained,
bottom_k2_r4,bottom_k2,4,N | producten - schoenen,N,abstained,
bottom_k2_r4,bottom_k2,4,N | fysieke winkel - parkeren,N,abstained,
bottom_k2_r4,bottom_k2,4,N | fysieke winkel - rolstoeltoegankelijk,N,abstained,
bottom_k2_r4,bottom_k2,4,N | bestellen - bestelling wijzigen na betaling,N,abstained,
bottom_k2_r4,bottom_k2,4,N | kortingscode - geldigheidsduur,N,abstained,
bottom_k2_r4,bottom_k2,4,N | betalen - minimumbedrag Billink,N,abstained,
bottom_k2_r4,bottom_k2,4,N | bestellen - cadeauverpakking,N,abstained,
bottom_k2_r4,bottom_k2,4,N | loyaliteitspunten - vervallen spaarpunten,N,abstained,
bottom_k2_r4,bottom_k2,4,N | kortingscode - seniorenkorting,N,abstained,
bottom_k2_r4,bottom_k2,4,O | weer,O,abstained,
bottom_k2_r4,bottom_k2,4,O | recept,O,abstained,
bottom_k2_r4,bottom_k2,4,O | hoofdstad,O,abstained,
bottom_k2_r4,bottom_k2,4,O | trein,O,abstained,
bottom_k2_r4,bottom_k2,4,O | belastingaangifte,O,abstained,
bottom_k2_r4,bottom_k2,4,O | concurrent prijs,O,abstained,
bottom_k2_r4,bottom_k2,4,A | verzending - gratis verzending drempel,A,ungrounded,0.67
bottom_k2_r4,bottom_k2,4,A | verzending - bezorging Belgie,A,ungrounded,0.5
bottom_k2_r4,bottom_k2,4,A | verzending - levertijd,A,ungrounded,0.5
bottom_k2_r4,bottom_k2,4,A | fysieke winkel - zondag open,A,ungrounded,0.75
bottom_k2_r4,bottom_k2,4,A | garantie - Nudie jeans elders gekocht repareren,A,ungrounded,0.67
bottom_k2_r4,bottom_k2,4,A | bedrijfsgegevens - telefoonnummer,A,ungrounded,0.67
bottom_k2_r4,bottom_k2,4,N | producten - kinderkleding,N,answered,
bottom_k2_r4,bottom_k2,4,N | verzending - bezorgen bij pakketpunt,N,answered,
bottom_k2_r4,bottom_k2,4,N | verzending - zondagbezorging,N,answered,
bottom_k2_r4,bottom_k2,4,O | wasmachines,O,answered,
bottom_k2_r4,bottom_k2,4,O | laptops,O,answered,
k0_r1,k0,1,A | retouren - terugsturen kosten,A,grounded,
k0_r1,k0,1,A | retouren - online aankoop in winkel terugbrengen,A,grounded,
k0_r1,k0,1,A | retouren - wanneer geld terug,A,grounded,
k0_r1,k0,1,A | verzending - levertijd,A,grounded,
k0_r1,k0,1,A | verzending - niet thuis bij bezorging,A,grounded,
k0_r1,k0,1,A | bestellen - account verplicht,A,grounded,
k0_r1,k0,1,A | producten - maat uitverkocht,A,grounded,
k0_r1,k0,1,A | betalen - achteraf betalen,A,grounded,
k0_r1,k0,1,A | betalen - PayPal toeslag,A,grounded,
k0_r1,k0,1,A | betalen - Klarna (negative answer),A,grounded,
k0_r1,k0,1,A | cadeaukaart - cadeaubon online gebruiken,A,grounded,
k0_r1,k0,1,A | cadeaukaart - VVV-bon online (negative answer),A,grounded,
k0_r1,k0,1,A | maatadvies - welke jeans past bij figuur,A,grounded,
k0_r1,k0,1,A | producten - milieuvriendelijk,A,grounded,
k0_r1,k0,1,A | fysieke winkel - openingstijd donderdag,A,grounded,
k0_r1,k0,1,A | fysieke winkel - zondag open,A,grounded,
k0_r1,k0,1,A | garantie - broek stuk na 3 maanden,A,grounded,
k0_r1,k0,1,A | garantie - Nudie jeans elders gekocht repareren,A,grounded,
k0_r1,k0,1,A | loyaliteitspunten - waarde gespaarde punten,A,grounded,
k0_r1,k0,1,A | loyaliteitspunten - punten inzien,A,grounded,
k0_r1,k0,1,A | bedrijfsgegevens - leeftijd van de zaak,A,grounded,
k0_r1,k0,1,N | maatadvies - valt groot of klein,N,abstained,
k0_r1,k0,1,N | producten - schoenen,N,abstained,
k0_r1,k0,1,N | fysieke winkel - parkeren,N,abstained,
k0_r1,k0,1,N | fysieke winkel - rolstoeltoegankelijk,N,abstained,
k0_r1,k0,1,N | verzending - bezorgen bij pakketpunt,N,abstained,
k0_r1,k0,1,N | bestellen - bestelling wijzigen na betaling,N,abstained,
k0_r1,k0,1,N | kortingscode - geldigheidsduur,N,abstained,
k0_r1,k0,1,N | betalen - minimumbedrag Billink,N,abstained,
k0_r1,k0,1,N | bestellen - cadeauverpakking,N,abstained,
k0_r1,k0,1,N | loyaliteitspunten - vervallen spaarpunten,N,abstained,
k0_r1,k0,1,N | kortingscode - seniorenkorting,N,abstained,
k0_r1,k0,1,O | weer,O,abstained,
k0_r1,k0,1,O | recept,O,abstained,
k0_r1,k0,1,O | hoofdstad,O,abstained,
k0_r1,k0,1,O | trein,O,abstained,
k0_r1,k0,1,O | belastingaangifte,O,abstained,
k0_r1,k0,1,O | concurrent prijs,O,abstained,
k0_r1,k0,1,A | verzending - gratis verzending drempel,A,ungrounded,0.67
k0_r1,k0,1,A | verzending - bezorging Belgie,A,ungrounded,0.5
k0_r1,k0,1,A | kortingscode - studentenkorting,A,ungrounded,0.75
k0_r1,k0,1,A | maatadvies - afspraak om te passen,A,ungrounded,0.67
k0_r1,k0,1,A | fysieke winkel - vestiging Amsterdam (negative answer),A,abstained,
k0_r1,k0,1,A | bedrijfsgegevens - telefoonnummer,A,ungrounded,0.67
k0_r1,k0,1,N | producten - kinderkleding,N,answered,
k0_r1,k0,1,N | verzending - zondagbezorging,N,answered,
k0_r1,k0,1,O | wasmachines,O,answered,
k0_r1,k0,1,O | laptops,O,answered,
k0_r2,k0,2,A | retouren - terugsturen kosten,A,grounded,
k0_r2,k0,2,A | retouren - online aankoop in winkel terugbrengen,A,grounded,
k0_r2,k0,2,A | retouren - wanneer geld terug,A,grounded,
k0_r2,k0,2,A | verzending - gratis verzending drempel,A,grounded,
k0_r2,k0,2,A | verzending - levertijd,A,grounded,
k0_r2,k0,2,A | verzending - niet thuis bij bezorging,A,grounded,
k0_r2,k0,2,A | bestellen - account verplicht,A,grounded,
k0_r2,k0,2,A | producten - maat uitverkocht,A,grounded,
k0_r2,k0,2,A | betalen - achteraf betalen,A,grounded,
k0_r2,k0,2,A | betalen - PayPal toeslag,A,grounded,
k0_r2,k0,2,A | betalen - Klarna (negative answer),A,grounded,
k0_r2,k0,2,A | kortingscode - studentenkorting,A,grounded,
k0_r2,k0,2,A | cadeaukaart - cadeaubon online gebruiken,A,grounded,
k0_r2,k0,2,A | cadeaukaart - VVV-bon online (negative answer),A,grounded,
k0_r2,k0,2,A | maatadvies - welke jeans past bij figuur,A,grounded,
k0_r2,k0,2,A | producten - milieuvriendelijk,A,grounded,
k0_r2,k0,2,A | fysieke winkel - openingstijd donderdag,A,grounded,
k0_r2,k0,2,A | fysieke winkel - zondag open,A,grounded,
k0_r2,k0,2,A | fysieke winkel - vestiging Amsterdam (negative answer),A,grounded,
k0_r2,k0,2,A | garantie - broek stuk na 3 maanden,A,grounded,
k0_r2,k0,2,A | garantie - Nudie jeans elders gekocht repareren,A,grounded,
k0_r2,k0,2,A | loyaliteitspunten - waarde gespaarde punten,A,grounded,
k0_r2,k0,2,A | loyaliteitspunten - punten inzien,A,grounded,
k0_r2,k0,2,A | bedrijfsgegevens - leeftijd van de zaak,A,grounded,
k0_r2,k0,2,N | maatadvies - valt groot of klein,N,abstained,
k0_r2,k0,2,N | producten - schoenen,N,abstained,
k0_r2,k0,2,N | fysieke winkel - parkeren,N,abstained,
k0_r2,k0,2,N | fysieke winkel - rolstoeltoegankelijk,N,abstained,
k0_r2,k0,2,N | bestellen - bestelling wijzigen na betaling,N,abstained,
k0_r2,k0,2,N | kortingscode - geldigheidsduur,N,abstained,
k0_r2,k0,2,N | betalen - minimumbedrag Billink,N,abstained,
k0_r2,k0,2,N | bestellen - cadeauverpakking,N,abstained,
k0_r2,k0,2,N | loyaliteitspunten - vervallen spaarpunten,N,abstained,
k0_r2,k0,2,N | kortingscode - seniorenkorting,N,abstained,
k0_r2,k0,2,O | weer,O,abstained,
k0_r2,k0,2,O | recept,O,abstained,
k0_r2,k0,2,O | hoofdstad,O,abstained,
k0_r2,k0,2,O | trein,O,abstained,
k0_r2,k0,2,O | belastingaangifte,O,abstained,
k0_r2,k0,2,O | concurrent prijs,O,abstained,
k0_r2,k0,2,A | verzending - bezorging Belgie,A,ungrounded,0.5
k0_r2,k0,2,A | maatadvies - afspraak om te passen,A,ungrounded,0.67
k0_r2,k0,2,A | bedrijfsgegevens - telefoonnummer,A,ungrounded,0.67
k0_r2,k0,2,N | producten - kinderkleding,N,answered,
k0_r2,k0,2,N | verzending - bezorgen bij pakketpunt,N,answered,
k0_r2,k0,2,N | verzending - zondagbezorging,N,answered,
k0_r2,k0,2,O | wasmachines,O,answered,
k0_r2,k0,2,O | laptops,O,answered,
k0_r3,k0,3,A | retouren - terugsturen kosten,A,grounded,
k0_r3,k0,3,A | retouren - online aankoop in winkel terugbrengen,A,grounded,
k0_r3,k0,3,A | retouren - wanneer geld terug,A,grounded,
k0_r3,k0,3,A | verzending - gratis verzending drempel,A,grounded,
k0_r3,k0,3,A | verzending - levertijd,A,grounded,
k0_r3,k0,3,A | verzending - niet thuis bij bezorging,A,grounded,
k0_r3,k0,3,A | bestellen - account verplicht,A,grounded,
k0_r3,k0,3,A | producten - maat uitverkocht,A,grounded,
k0_r3,k0,3,A | betalen - achteraf betalen,A,grounded,
k0_r3,k0,3,A | betalen - PayPal toeslag,A,grounded,
k0_r3,k0,3,A | betalen - Klarna (negative answer),A,grounded,
k0_r3,k0,3,A | cadeaukaart - cadeaubon online gebruiken,A,grounded,
k0_r3,k0,3,A | cadeaukaart - VVV-bon online (negative answer),A,grounded,
k0_r3,k0,3,A | maatadvies - welke jeans past bij figuur,A,grounded,
k0_r3,k0,3,A | producten - milieuvriendelijk,A,grounded,
k0_r3,k0,3,A | fysieke winkel - openingstijd donderdag,A,grounded,
k0_r3,k0,3,A | fysieke winkel - vestiging Amsterdam (negative answer),A,grounded,
k0_r3,k0,3,A | garantie - broek stuk na 3 maanden,A,grounded,
k0_r3,k0,3,A | garantie - Nudie jeans elders gekocht repareren,A,grounded,
k0_r3,k0,3,A | loyaliteitspunten - waarde gespaarde punten,A,grounded,
k0_r3,k0,3,A | loyaliteitspunten - punten inzien,A,grounded,
k0_r3,k0,3,A | bedrijfsgegevens - leeftijd van de zaak,A,grounded,
k0_r3,k0,3,N | maatadvies - valt groot of klein,N,abstained,
k0_r3,k0,3,N | producten - schoenen,N,abstained,
k0_r3,k0,3,N | fysieke winkel - parkeren,N,abstained,
k0_r3,k0,3,N | fysieke winkel - rolstoeltoegankelijk,N,abstained,
k0_r3,k0,3,N | bestellen - bestelling wijzigen na betaling,N,abstained,
k0_r3,k0,3,N | kortingscode - geldigheidsduur,N,abstained,
k0_r3,k0,3,N | betalen - minimumbedrag Billink,N,abstained,
k0_r3,k0,3,N | bestellen - cadeauverpakking,N,abstained,
k0_r3,k0,3,N | loyaliteitspunten - vervallen spaarpunten,N,abstained,
k0_r3,k0,3,N | kortingscode - seniorenkorting,N,abstained,
k0_r3,k0,3,O | weer,O,abstained,
k0_r3,k0,3,O | recept,O,abstained,
k0_r3,k0,3,O | hoofdstad,O,abstained,
k0_r3,k0,3,O | trein,O,abstained,
k0_r3,k0,3,O | belastingaangifte,O,abstained,
k0_r3,k0,3,O | concurrent prijs,O,abstained,
k0_r3,k0,3,A | verzending - bezorging Belgie,A,ungrounded,0.5
k0_r3,k0,3,A | kortingscode - studentenkorting,A,ungrounded,0.75
k0_r3,k0,3,A | maatadvies - afspraak om te passen,A,ungrounded,0.67
k0_r3,k0,3,A | fysieke winkel - zondag open,A,ungrounded,0.75
k0_r3,k0,3,A | bedrijfsgegevens - telefoonnummer,A,ungrounded,0.67
k0_r3,k0,3,N | producten - kinderkleding,N,answered,
k0_r3,k0,3,N | verzending - bezorgen bij pakketpunt,N,answered,
k0_r3,k0,3,N | verzending - zondagbezorging,N,answered,
k0_r3,k0,3,O | wasmachines,O,answered,
k0_r3,k0,3,O | laptops,O,answered,
k0_r4,k0,4,A | retouren - terugsturen kosten,A,grounded,
k0_r4,k0,4,A | retouren - online aankoop in winkel terugbrengen,A,grounded,
k0_r4,k0,4,A | retouren - wanneer geld terug,A,grounded,
k0_r4,k0,4,A | verzending - gratis verzending drempel,A,grounded,
k0_r4,k0,4,A | verzending - niet thuis bij bezorging,A,grounded,
k0_r4,k0,4,A | bestellen - account verplicht,A,grounded,
k0_r4,k0,4,A | producten - maat uitverkocht,A,grounded,
k0_r4,k0,4,A | betalen - achteraf betalen,A,grounded,
k0_r4,k0,4,A | betalen - PayPal toeslag,A,grounded,
k0_r4,k0,4,A | betalen - Klarna (negative answer),A,grounded,
k0_r4,k0,4,A | cadeaukaart - cadeaubon online gebruiken,A,grounded,
k0_r4,k0,4,A | cadeaukaart - VVV-bon online (negative answer),A,grounded,
k0_r4,k0,4,A | maatadvies - welke jeans past bij figuur,A,grounded,
k0_r4,k0,4,A | producten - milieuvriendelijk,A,grounded,
k0_r4,k0,4,A | fysieke winkel - openingstijd donderdag,A,grounded,
k0_r4,k0,4,A | garantie - broek stuk na 3 maanden,A,grounded,
k0_r4,k0,4,A | garantie - Nudie jeans elders gekocht repareren,A,grounded,
k0_r4,k0,4,A | loyaliteitspunten - waarde gespaarde punten,A,grounded,
k0_r4,k0,4,A | loyaliteitspunten - punten inzien,A,grounded,
k0_r4,k0,4,A | bedrijfsgegevens - leeftijd van de zaak,A,grounded,
k0_r4,k0,4,N | maatadvies - valt groot of klein,N,abstained,
k0_r4,k0,4,N | producten - schoenen,N,abstained,
k0_r4,k0,4,N | fysieke winkel - parkeren,N,abstained,
k0_r4,k0,4,N | fysieke winkel - rolstoeltoegankelijk,N,abstained,
k0_r4,k0,4,N | bestellen - bestelling wijzigen na betaling,N,abstained,
k0_r4,k0,4,N | kortingscode - geldigheidsduur,N,abstained,
k0_r4,k0,4,N | betalen - minimumbedrag Billink,N,abstained,
k0_r4,k0,4,N | bestellen - cadeauverpakking,N,abstained,
k0_r4,k0,4,N | loyaliteitspunten - vervallen spaarpunten,N,abstained,
k0_r4,k0,4,N | kortingscode - seniorenkorting,N,abstained,
k0_r4,k0,4,O | weer,O,abstained,
k0_r4,k0,4,O | recept,O,abstained,
k0_r4,k0,4,O | hoofdstad,O,abstained,
k0_r4,k0,4,O | trein,O,abstained,
k0_r4,k0,4,O | belastingaangifte,O,abstained,
k0_r4,k0,4,O | concurrent prijs,O,abstained,
k0_r4,k0,4,A | verzending - bezorging Belgie,A,ungrounded,0.5
k0_r4,k0,4,A | verzending - levertijd,A,ungrounded,0.75
k0_r4,k0,4,A | kortingscode - studentenkorting,A,ungrounded,0.75
k0_r4,k0,4,A | maatadvies - afspraak om te passen,A,ungrounded,0.67
k0_r4,k0,4,A | fysieke winkel - zondag open,A,ungrounded,0.75
k0_r4,k0,4,A | fysieke winkel - vestiging Amsterdam (negative answer),A,abstained,
k0_r4,k0,4,A | bedrijfsgegevens - telefoonnummer,A,ungrounded,0.67
k0_r4,k0,4,N | producten - kinderkleding,N,answered,
k0_r4,k0,4,N | verzending - bezorgen bij pakketpunt,N,answered,
k0_r4,k0,4,N | verzending - zondagbezorging,N,answered,
k0_r4,k0,4,O | wasmachines,O,answered,
k0_r4,k0,4,O | laptops,O,answered,
